{"EditorX":-520.5,"EditorY":-206.0,"EditorZ":2.0,"Nodes":[{"NodeID":0,"X":-429.5,"Y":-31.49999999999998},{"NodeID":1,"X":245.5,"Y":-39.00000000000002},{"NodeID":2,"X":-13.5,"Y":-69.0},{"NodeID":3,"X":-221.5,"Y":-69.0}]}