{"EditorX":-601.3543689320388,"EditorY":-238.0,"EditorZ":1.73109243697479,"Nodes":[{"NodeID":0,"X":-433.0,"Y":-31.49999999999998},{"NodeID":1,"X":249.0,"Y":-39.00000000000002},{"NodeID":9,"X":-225.0,"Y":-208.0}]}