{"EditorX":-520.5,"EditorY":-206.0,"EditorZ":2.0,"Nodes":[{"NodeID":0,"X":-365.0,"Y":-31.499999999999986},{"NodeID":1,"X":181.0,"Y":-39.00000000000002},{"NodeID":2,"X":-157.0,"Y":-69.0}]}