{"EditorX":-520.5,"EditorY":-206.0,"EditorZ":2.0,"Nodes":[{"NodeID":0,"X":-443.0,"Y":-31.49999999999998},{"NodeID":1,"X":259.0,"Y":-39.00000000000002},{"NodeID":2,"X":-235.0,"Y":-31.499999999999993},{"NodeID":4,"X":-21.0,"Y":-99.0}]}