{"EditorX":-1662.490729242306,"EditorY":-501.0435443152833,"EditorZ":2.0,"Nodes":[{"NodeID":1,"X":-1488.0,"Y":-238.0},{"NodeID":26,"X":-1162.0,"Y":-250.0}]}