{"EditorX":-1115.8736916428456,"EditorY":-352.00014305697994,"EditorZ":1.2599210498948734,"Nodes":[{"NodeID":1,"X":-759.0,"Y":-12.0},{"NodeID":2,"X":-30.0,"Y":-32.0},{"NodeID":3,"X":-515.0,"Y":-56.0},{"NodeID":4,"X":-283.0,"Y":-60.0}]}