{"EditorX":-482.34136165681093,"EditorY":-259.5997087813811,"EditorZ":1.5874010519682005,"Nodes":[{"NodeID":1,"X":-469.0,"Y":-39.0},{"NodeID":2,"X":282.0,"Y":-48.0},{"NodeID":3,"X":-161.0,"Y":-71.0}]}