{"EditorX":-399.5107806999276,"EditorY":-177.4610579364939,"EditorZ":2.0,"Nodes":[{"NodeID":1,"X":-469.0,"Y":-39.0},{"NodeID":2,"X":282.0,"Y":-48.0},{"NodeID":3,"X":-161.0,"Y":-71.0}]}