{"EditorX":-428.1463611343576,"EditorY":-198.50228210600983,"EditorZ":2.0,"Nodes":[{"NodeID":1,"X":-276.5,"Y":-21.999999999999996},{"NodeID":2,"X":127.5,"Y":-30.00000000000002},{"NodeID":4,"X":-126.5,"Y":-114.0}]}