{"EditorX":-970.8130680418493,"EditorY":-319.7304732585706,"EditorZ":2.0,"Nodes":[]}